"","gene_ensembl","gene_symbol","cell_type","DX","baseMean","log2fc","lfcSE","stat","pvalue","padj"
"1","ENSG00000006638","TBXA2R","PVALB","MDD",22.54253559049,-14.2377486008937,2.78854724791052,-5.10579428466282,3.29407898908309e-07,0.00039015620559865
"2","ENSG00000104415","CCN4","PVALB","MDD",18.5536945204422,27.1002577707157,3.85375385937957,7.0321714254679,2.03343748890869e-12,3.61265587873241e-09
"3","ENSG00000114013","CD86","PVALB","MDD",13.4028405313458,22.021698269442,3.52857077905873,6.24096826968465,4.34870465772395e-10,6.18081393002305e-07
"4","ENSG00000130829","DUSP9","PVALB","MDD",5.47028726180729,26.8429114115339,3.21542236065794,8.34817588506204,6.93252860405632e-17,3.28440096831508e-13
"5","ENSG00000143194","MAEL","PVALB","MDD",13.2482550259525,-20.858945709427,2.52870750628984,-8.24885664219491,1.59917133690276e-16,5.68225555284973e-13
"6","ENSG00000150722","PPP1R1C","PVALB","MDD",10.3117206536804,-19.5853351890919,2.70155885487004,-7.24964224036278,4.17873914177617e-13,8.48463134600924e-10
"7","ENSG00000153162","BMP6","PVALB","MDD",12.2453226318256,25.5988597250817,2.97671975929998,8.59968750672777,7.99334466756489e-18,5.68047038800499e-14
"8","ENSG00000163293","NIPAL1","PVALB","MDD",25.8267689929382,21.3015555310306,2.13033632603274,9.99915143478769,1.53708490369269e-23,2.18465877361841e-19
"9","ENSG00000165509","MAGEC3","PVALB","MDD",61.2423667753293,-6.76210974752441,1.64388827686688,-4.11348498719903,3.8973039775093e-05,0.0395659867373855
"10","ENSG00000172320","OR5A1","PVALB","MDD",33.3895532079437,10.168940811709,2.39587784684528,4.24434861113591,2.19229311396863e-05,0.0239685092529509
"11","ENSG00000173376","NDNF","PVALB","MDD",3.43147185513497,-26.7786386784994,3.65142569591909,-7.33374876241566,2.23802473854543e-13,5.30150760149102e-10
"12","ENSG00000176194","CIDEA","PVALB","MDD",11.7741752281905,25.0714206862358,3.65704415702619,6.85565161636529,7.09881863837541e-12,1.12106121452477e-08
"13","ENSG00000179344","HLA-DQB1","PVALB","MDD",6.17462370764314,27.2719390147452,3.53674154121562,7.71103534056138,1.24801094709599e-14,3.54759591821507e-11
"14","ENSG00000285749","","PVALB","MDD",13.2521470515995,22.7497176544015,4.1699763542848,5.45559871844965,4.8808105962888e-08,6.30645100045934e-05
"15","ENSG00000104415","CCN4","PVALB","BD",18.5536945204422,23.1654217849192,3.84719251279071,6.02138356942144,1.72932398436013e-09,2.04824014914254e-06
"16","ENSG00000114013","CD86","PVALB","BD",13.4028405313458,22.0092506661464,3.51555010357157,6.26054245217169,3.83640614953617e-10,5.45268406033575e-07
"17","ENSG00000122679","RAMP3","PVALB","BD",11.4464694206302,-25.9545013400205,3.01602388052431,-8.6055357544147,7.59611167186394e-18,2.15927070384404e-14
"18","ENSG00000130829","DUSP9","PVALB","BD",5.47028726180729,15.4815206797689,3.2348275148453,4.78588753456591,1.70233367520944e-06,0.00151220428285949
"19","ENSG00000153162","BMP6","PVALB","BD",12.2453226318256,22.3332973109585,2.97487566124078,7.50730445710242,6.03572436134258e-14,1.42976250579604e-10
"20","ENSG00000163293","NIPAL1","PVALB","BD",25.8267689929382,23.2837080704466,2.12119746195772,10.9766810907634,4.94768691889882e-28,7.0321474178309e-24
"21","ENSG00000164935","DCSTAMP","PVALB","BD",15.4782478068397,-24.1336549301349,2.5860981143279,-9.33207243624129,1.03820687516317e-20,3.77349188968806e-17
"22","ENSG00000165606","DRGX","PVALB","BD",10.635842205844,-22.781148076881,3.14006151109152,-7.25500057766765,4.01660121157445e-13,8.15542186001537e-10
"23","ENSG00000172320","OR5A1","PVALB","BD",33.3895532079437,10.975831291337,2.38686534207935,4.59842920245147,4.25688321999371e-06,0.00355900477681003
"24","ENSG00000176194","CIDEA","PVALB","BD",11.7741752281905,22.7316799762616,3.65204926378672,6.22436290815302,4.83516715219527e-10,6.24747552128649e-07
"25","ENSG00000178403","NEUROG2","PVALB","BD",2.4328625301988,-22.6954839507696,4.17067318445293,-5.44168361965445,5.27793517371113e-08,5.35823518742544e-05
"26","ENSG00000179344","HLA-DQB1","PVALB","BD",6.17462370764314,20.0861037082638,3.5393013413176,5.67516065212638,1.38558559099174e-08,1.51487138498196e-05
"27","ENSG00000181634","TNFSF15","PVALB","BD",16.2508718521026,-23.9506918576405,2.45562220001477,-9.75341070686545,1.78372579547538e-22,1.26760473655458e-18
"28","ENSG00000183807","FAM162B","PVALB","BD",17.0909864636385,-23.3324408675493,2.50088524806432,-9.32967271713429,1.0619832237214e-20,3.77349188968806e-17
"29","ENSG00000184371","CSF1","PVALB","BD",33.9682637126227,8.435748747663,1.76013633701819,4.79266780092377,1.64578016218003e-06,0.00151220428285949
"30","ENSG00000204257","HLA-DMA","PVALB","BD",43.9787463387427,-6.80851896986429,1.64227995241706,-4.1457724426604,3.38670044665507e-05,0.0240675867241542
"31","ENSG00000213215","OR2F1","PVALB","BD",21.5466808729103,10.0685545758023,2.31024034740329,4.3582281761806,1.31119643043398e-05,0.010353352703199
"32","ENSG00000214300","SPDYE3","PVALB","BD",1125.99499665414,-1.37235167604861,0.316625411038916,-4.33430681241164,1.46220128573481e-05,0.0109380351969205
"33","ENSG00000236125","USP17L4","PVALB","BD",15.0705461733753,-9.11786344754658,2.28250583970738,-3.99467256071313,6.47837233852388e-05,0.0438462409749714
"34","ENSG00000250913","USP17L23","PVALB","BD",9.31402027723847,-30,4.15581810825905,-7.21879524524416,5.24501582045689e-13,9.31842623201923e-10
"35","ENSG00000285749","","PVALB","BD",13.2521470515995,27.2252862333432,4.1485696116358,6.56257186982772,5.28875350903583e-11,8.35211706932514e-08
"36","ENSG00000104415","CCN4","PVALB","SCZ",18.5536945204422,24.9279650541384,3.8584933472738,6.46054374351873,1.0432742944936e-10,2.9656115095275e-07
"37","ENSG00000114013","CD86","PVALB","SCZ",13.4028405313458,21.4859935380605,3.53084585807451,6.08522558098233,1.163274082813e-09,2.36194493414589e-06
"38","ENSG00000121361","KCNJ8","PVALB","SCZ",5.78918250632087,-23.1537388270899,3.41762325535535,-6.77480725554182,1.245722229904e-11,5.90181668454187e-08
"39","ENSG00000122694","GLIPR2","PVALB","SCZ",14.1984054390788,-11.1224993542948,2.54579138716775,-4.36897516833414,1.24830958106742e-05,0.016129294614283
"40","ENSG00000130829","DUSP9","PVALB","SCZ",5.47028726180729,20.0123025247,3.23448029587037,6.18717713329426,6.12511268440672e-10,1.45093710972454e-06
"41","ENSG00000147113","DIPK2B","PVALB","SCZ",15.1992657276244,-23.2707408113346,2.76944465539371,-8.4026740761954,4.36424717265379e-17,3.10145225324641e-13
"42","ENSG00000153162","BMP6","PVALB","SCZ",12.2453226318256,19.9611308273259,2.99617702551141,6.66220008276007,2.69758425690424e-11,9.58519126084499e-08
"43","ENSG00000156453","PCDH1","PVALB","SCZ",3303.78512408592,0.586452008534949,0.140828530473455,4.16429828929793,3.12311591805395e-05,0.0341452665717699
"44","ENSG00000163293","NIPAL1","PVALB","SCZ",25.8267689929382,23.0602711927933,2.13006219152525,10.826102300929,2.58944408646209e-27,3.68037688008858e-23
"45","ENSG00000173068","BNC2","PVALB","SCZ",23.2363646296052,9.40199730575116,2.19417862986811,4.2849735102544,1.82760962934372e-05,0.0216465130515519
"46","ENSG00000176194","CIDEA","PVALB","SCZ",11.7741752281905,19.7325639522082,3.67427955368665,5.37045798064254,7.85369320719964e-08,0.000124027268393254
"47","ENSG00000179344","HLA-DQB1","PVALB","SCZ",6.17462370764314,14.7744357427045,3.56828047548251,4.14049171420772,3.4656212798337e-05,0.034259551043345
"48","ENSG00000180921","FAM83H","PVALB","SCZ",56.5371591634644,-6.43587312186553,1.18288129065414,-5.44084446403449,5.30285974054944e-08,9.42119318655365e-05
"49","ENSG00000181085","MAPK15","PVALB","SCZ",35.1298163772484,-8.25586178303007,1.68284361735701,-4.90589957253205,9.30001036416289e-07,0.00132181047305847
"50","ENSG00000204193","TXNDC8","PVALB","SCZ",2.62140694736569,-17.3032962732496,4.18888911638486,-4.13076015919535,3.61565655139784e-05,0.034259551043345
"51","ENSG00000039068","CDH1","PyrL2n3","MDD",7.90137862699279,-20.7719510036651,2.44891619325367,-8.48209957567685,2.21166159700488e-17,6.28686925564608e-14
"52","ENSG00000079689","SCGN","PyrL2n3","MDD",1.47031009972134,-26.0340759962076,4.15169860635386,-6.27070470779463,3.59417675243136e-10,4.25700284852558e-07
"53","ENSG00000100987","VSX1","PyrL2n3","MDD",19.1403108792785,20.2266652233816,2.96049276484987,6.83219545865275,8.36248011318738e-12,1.18855929848732e-08
"54","ENSG00000102048","ASB9","PyrL2n3","MDD",3.09882337702818,17.9463029255494,4.14732599678671,4.32719852248267,1.51017838786487e-05,0.0134151033917021
"55","ENSG00000123307","NEUROD4","PyrL2n3","MDD",15.4250854277105,-23.3280068765792,2.40448789723886,-9.70186080094951,2.96049314314314e-22,4.20774890434935e-18
"56","ENSG00000151388","ADAMTS12","PyrL2n3","MDD",11.3416145490027,21.3836516879718,2.61787856292168,8.1683130725921,3.12731487823024e-16,7.40808772738106e-13
"57","ENSG00000163273","NPPC","PyrL2n3","MDD",2.5668735578024,-21.4014789560798,3.53661921846419,-6.05139474567848,1.43597094133618e-09,1.56995807609316e-06
"58","ENSG00000163286","ALPG","PyrL2n3","MDD",2.30350086973328,-20.5560875146928,4.14536928057962,-4.95880731567022,7.09272709763512e-07,0.000720063787419199
"59","ENSG00000168631","MUCL3","PyrL2n3","MDD",11.053010854577,20.0905558932262,2.53774900874566,7.91668357429738,2.43929485486368e-15,4.95281396745394e-12
"60","ENSG00000169896","ITGAM","PyrL2n3","MDD",19.4710683068564,-8.51767783523916,1.91878276127427,-4.43910483622573,9.03338093292316e-06,0.00855942954664246
"61","ENSG00000174837","ADGRE1","PyrL2n3","MDD",8.07173651515197,21.9037731310817,2.43935286787258,8.97933768400817,2.72401532070063e-19,1.29054765843727e-15
"62","ENSG00000184860","SDR42E1","PyrL2n3","MDD",7.89173792892878,17.5533144226753,2.71612026560152,6.46264255857166,1.0289013590192e-10,1.32943409233999e-07
"63","ENSG00000197496","SLC2A10","PyrL2n3","MDD",8.60069105513493,20.4815577077604,2.62295945056365,7.80856818177615,5.78413021090852e-15,1.02762303359554e-11
"64","ENSG00000213215","OR2F1","PyrL2n3","MDD",12.0534120398683,-19.6056348491905,2.29228747244736,-8.55286916883013,1.20065962769237e-17,4.2662438220979e-14
"65","ENSG00000215343","ZNF705D","PyrL2n3","MDD",10.9668801159981,-20.9612260361913,2.87813782064819,-7.28291254359409,3.26689028454597e-13,5.15914573491687e-10
"66","ENSG00000285749","","PyrL2n3","MDD",10.9783644640842,-22.7990208554977,2.51064726762961,-9.08093349051899,1.07647590315056e-19,7.64997600573944e-16
"67","ENSG00000079689","SCGN","PyrL2n3","BD",1.47031009972134,-20.8591234047942,4.13808523911578,-5.04076697300015,4.63669786327828e-07,0.000470724190934101
"68","ENSG00000100987","VSX1","PyrL2n3","BD",19.1403108792785,23.1466311486826,2.94328483123913,7.86421718449106,3.71412678800925e-15,8.79814733966259e-12
"69","ENSG00000102048","ASB9","PyrL2n3","BD",3.09882337702818,25.1181279139829,4.1143111123423,6.10506284724858,1.02760238805609e-09,1.32775570376738e-06
"70","ENSG00000109743","BST1","PyrL2n3","BD",8.28874269018235,-21.2790404189919,2.65493174706064,-8.01491053114666,1.10217216924399e-15,3.57156968332917e-12
"71","ENSG00000112081","SRSF3","PyrL2n3","BD",587.026198078926,0.936206240722958,0.235156268845759,3.98120894381525,6.85656432037382e-05,0.0464058803264158
"72","ENSG00000125430","HS3ST3B1","PyrL2n3","BD",19.0509375200157,-24.1606055705228,3.08323884043118,-7.83611222513791,4.64710566976071e-15,9.13544425252178e-12
"73","ENSG00000127472","PLA2G5","PyrL2n3","BD",31.3386367994833,10.8825235980701,2.36744476414643,4.59673812157291,4.29156455818065e-06,0.0040664004710281
"74","ENSG00000127507","ADGRE2","PyrL2n3","BD",30.1334496370844,5.40610783476006,1.34628963280288,4.01556077016276,5.93046146131532e-05,0.0429817218533634
"75","ENSG00000134259","NGF","PyrL2n3","BD",5.5383162582039,-30,4.02526875544837,-7.4529185062224,9.12976827872747e-14,1.44179329495059e-10
"76","ENSG00000140873","ADAMTS18","PyrL2n3","BD",11.5529755770603,10.1726414307318,2.38719307613749,4.26134003672264,2.03204776636564e-05,0.0169891146490322
"77","ENSG00000144354","CDCA7","PyrL2n3","BD",10.8036764785247,8.60501728061155,1.96245073376164,4.3848322572243,1.16075188765055e-05,0.0103111041119858
"78","ENSG00000151388","ADAMTS12","PyrL2n3","BD",11.3416145490027,23.816875784855,2.60362024825009,9.14759969348927,5.8212559393592e-20,8.27375106661123e-16
"79","ENSG00000168631","MUCL3","PyrL2n3","BD",11.053010854577,22.3714937592516,2.51681677226841,8.88880509926362,6.17695691953906e-19,4.38965443487043e-15
"80","ENSG00000169228","RAB24","PyrL2n3","BD",43.0369856633363,4.14810765475131,0.985227015508689,4.21030644659045,2.55024529523999e-05,0.0201370202118033
"81","ENSG00000174837","ADGRE1","PyrL2n3","BD",8.07173651515197,19.4861883137591,2.43614101216085,7.99879326216627,1.2564446926508e-15,3.57156968332917e-12
"82","ENSG00000176294","OR4N2","PyrL2n3","BD",7.08317587709381,10.7583075356033,2.68225344697293,4.01092131981213,6.04822653252141e-05,0.0429817218533634
"83","ENSG00000179165","PXT1","PyrL2n3","BD",3.86857740735425,-21.9783713742759,3.63650042606892,-6.04382477634813,1.50502961777062e-09,1.78258216311449e-06
"84","ENSG00000184860","SDR42E1","PyrL2n3","BD",7.89173792892878,21.0074029573148,2.68520522963155,7.82338821833645,5.14202167172126e-15,9.13544425252178e-12
"85","ENSG00000197496","SLC2A10","PyrL2n3","BD",8.60069105513493,21.6793387584496,2.6128743962992,8.29712242928923,1.06663441880647e-16,5.05335833149877e-13
"86","ENSG00000198142","SOWAHC","PyrL2n3","BD",8.97506397373198,-24.4410762739171,4.11436070030342,-5.94043110321239,2.84273512655061e-09,3.10798418105106e-06
"87","ENSG00000204193","TXNDC8","PyrL2n3","BD",10.2503686819064,23.6932633783639,3.69947048430998,6.4045012600724,1.50861708425374e-10,2.14419746184984e-07
"88","ENSG00000060718","COL11A1","PyrL2n3","SCZ",1210.20544733528,-0.991468819189971,0.242778513060383,-4.08384089140283,4.42973669623047e-05,0.0419732317756824
"89","ENSG00000100987","VSX1","PyrL2n3","SCZ",19.1403108792785,23.9878641795242,2.95374294718599,8.12117527098194,4.61690702885144e-16,1.64050249002664e-12
"90","ENSG00000140873","ADAMTS18","PyrL2n3","SCZ",11.5529755770603,10.0441869570447,2.39843041013999,4.18781671320556,2.81650826470978e-05,0.0285935942616572
"91","ENSG00000144354","CDCA7","PyrL2n3","SCZ",10.8036764785247,9.12333640125157,1.96909809723792,4.63325642031191,3.59958229056826e-06,0.00426340525798723
"92","ENSG00000151388","ADAMTS12","PyrL2n3","SCZ",11.3416145490027,19.64372745797,2.62725502344819,7.47690166453205,7.60953104357902e-14,1.54506092460555e-10
"93","ENSG00000168631","MUCL3","PyrL2n3","SCZ",11.053010854577,23.534387422696,2.52300166852473,9.32793177122914,1.07956871679371e-20,7.67195508589453e-17
"94","ENSG00000172123","SLFN12","PyrL2n3","SCZ",4.28749927861723,-17.8233650256112,3.4890501336033,-5.10837171812266,3.24946903721069e-07,0.000461847034258755
"95","ENSG00000174837","ADGRE1","PyrL2n3","SCZ",8.07173651515197,20.0229309759447,2.44307553655461,8.19578874101552,2.48955246985626e-16,1.17946697513557e-12
"96","ENSG00000175538","KCNE3","PyrL2n3","SCZ",14.718785383053,-24.3507031397698,2.51881231582641,-9.66753377644192,4.14239996444745e-22,5.88759306946916e-18
"97","ENSG00000177575","CD163","PyrL2n3","SCZ",62.9166296960027,6.41256769560286,1.27413614314925,5.03287480704619,4.83178685449809e-07,0.000624310786936195
"98","ENSG00000180730","SHISA2","PyrL2n3","SCZ",1.66892085792338,-22.2076868027951,4.15351514539197,-5.34672103638118,8.95618905177225e-08,0.000141438127769821
"99","ENSG00000184205","TSPYL2","PyrL2n3","SCZ",7693.63035375477,0.375042890884911,0.0856080378398699,4.38093081383818,1.18173393046038e-05,0.0129199879643333
"100","ENSG00000184860","SDR42E1","PyrL2n3","SCZ",7.89173792892878,21.7715731606258,2.69417518614225,8.0809790219322,6.42488633860589e-16,1.82633819061211e-12
"101","ENSG00000197496","SLC2A10","PyrL2n3","SCZ",8.60069105513493,20.9964653669223,2.62327533816927,8.00391215570047,1.20527386635998e-15,2.85509291042907e-12
"102","ENSG00000204193","TXNDC8","PyrL2n3","SCZ",10.2503686819064,21.942385168201,3.71644987552469,5.90412514714818,3.54522974478536e-09,6.29854379532929e-06
"103","ENSG00000117971","CHRNB4","PyrL5n6","MDD",10.5013019679129,-24.5170643112669,3.08904332550973,-7.93678227456432,2.07493817601654e-15,1.47455481478615e-11
"104","ENSG00000124614","RPS10","PyrL5n6","MDD",34.6118904026423,-6.7751755892254,1.53231477365919,-4.42152990083506,9.80044988515399e-06,0.0198991134596705
"105","ENSG00000140287","HDC","PyrL5n6","MDD",13.0154443978199,24.6555536294009,3.38061668613771,7.29321183632012,3.02651649463323e-13,1.43386263127407e-09
"106","ENSG00000146233","CYP39A1","PyrL5n6","MDD",10.4217322653156,21.5344151510078,2.60620067098182,8.26276172467383,1.42340193798335e-16,2.02308117445574e-12
"107","ENSG00000186510","CLCNKA","PyrL5n6","MDD",3.06106801302391,20.5303565173525,4.13833060209126,4.96102377779526,7.01226064973623e-07,0.00166108767691168
"108","ENSG00000215262","KCNU1","PyrL5n6","MDD",22.9289945305362,13.3785451618279,2.2057018287855,6.06543685426164,1.31595466431443e-09,3.7407327287802e-06
"109","ENSG00000231824","AKAIN1","PyrL5n6","MDD",9.50694589300149,19.4941812313967,3.19254303396817,6.10616083291019,1.02056170197479e-09,3.62631086754192e-06
"110","ENSG00000016402","IL20RA","PyrL5n6","BD",8.43102764790357,-20.114766691631,2.83238681340812,-7.10170185668516,1.23229853415546e-12,5.83821968865052e-09
"111","ENSG00000100987","VSX1","PyrL5n6","BD",12.0852637403903,-25.080468072368,2.68434513085407,-9.34323525842156,9.34345498170976e-21,1.32798525655041e-16
"112","ENSG00000140287","HDC","PyrL5n6","BD",13.0154443978199,30,3.35929949576892,8.93043327568303,4.24343542650664e-19,3.01559738584694e-15
"113","ENSG00000146233","CYP39A1","PyrL5n6","BD",10.4217322653156,18.0373670718322,2.61986437935819,6.88484763331566,5.7849418966117e-12,2.05553447941355e-08
"114","ENSG00000164756","SLC30A8","PyrL5n6","BD",21.1936711276776,7.40846221393767,1.62129552759671,4.56947057944424,4.88957796437193e-06,0.00992793880108832
"115","ENSG00000172320","OR5A1","PyrL5n6","BD",11.4795221834439,11.3684982845306,2.60422348908361,4.36540808889293,1.26885646940693e-05,0.0225428212496009
"116","ENSG00000186510","CLCNKA","PyrL5n6","BD",3.06106801302391,22.0030323647507,4.11965540974659,5.34098854789998,9.24410967519906e-08,0.000218977551356007
"117","ENSG00000231824","AKAIN1","PyrL5n6","BD",9.50694589300149,19.4290363947243,3.18255055225865,6.10486340301351,1.02888637053518e-09,2.92471239688329e-06
"118","ENSG00000029559","IBSP","PyrL5n6","SCZ",3.25655946693962,-24.4013136826954,4.13990091640847,-5.89417818817376,3.76550666822254e-09,1.07038292550894e-05
"119","ENSG00000087245","MMP2","PyrL5n6","SCZ",13.725154332052,-25.3487799215353,2.27304569206164,-11.1519007339198,7.0092879344978e-29,9.96230094130173e-25
"120","ENSG00000122420","PTGFR","PyrL5n6","SCZ",24.8823769430562,9.65367804202216,2.1771871767877,4.43401382524471,9.24946909149661e-06,0.0146743398192682
"121","ENSG00000124507","PACSIN1","PyrL5n6","SCZ",10403.1234676514,0.35128105937046,0.0792418910896395,4.43302216214258,9.29213103309743e-06,0.0146743398192682
"122","ENSG00000129244","ATP1B2","PyrL5n6","SCZ",2103.38969855622,0.623038906919892,0.15013669737623,4.14981092436454,3.32750018246479e-05,0.03637981545644
"123","ENSG00000140287","HDC","PyrL5n6","SCZ",13.0154443978199,29.4311067830933,3.37156356832392,8.72921604077131,2.56443952796129e-18,9.11209475272846e-15
"124","ENSG00000146233","CYP39A1","PyrL5n6","SCZ",10.4217322653156,23.0771837438281,2.60487382808182,8.85923283310106,8.05669431008389e-19,3.81699320764075e-15
"125","ENSG00000150556","LYPD6B","PyrL5n6","SCZ",23.8762499131816,7.52082269004592,1.74328632885425,4.3141637524278,1.60208167979904e-05,0.0227703869149837
"126","ENSG00000159217","IGF2BP1","PyrL5n6","SCZ",13.7184054516741,9.66038187600011,2.27281876704907,4.25039691507948,2.13392029901688e-05,0.0252745076749391
"127","ENSG00000166501","PRKCB","PyrL5n6","SCZ",14864.0663125757,-0.308432836042116,0.0680938951895452,-4.52952258324431,5.91171155692562e-06,0.0140038593930973
"128","ENSG00000178104","PDE4DIP","PyrL5n6","SCZ",9722.13689399901,0.356659714521734,0.0837943148248214,4.25637127372375,2.07771572423826e-05,0.0252745076749391
"129","ENSG00000198805","PNP","PyrL5n6","SCZ",17.9302612724777,-8.70017984032401,1.95282866391568,-4.45516803449566,8.38275123205102e-06,0.0146743398192682
"130","ENSG00000231824","AKAIN1","PyrL5n6","SCZ",9.50694589300149,30,3.17247617135909,9.45633580193229,3.18923469969694e-21,2.26642963933963e-17
"131","ENSG00000005381","MPO","SST","MDD",15.5343137396425,-22.390463986755,2.63854185423734,-8.48592337119734,2.14012446453686e-17,4.34536985920891e-14
"132","ENSG00000079689","SCGN","SST","MDD",19.5972436461999,-26.3091470714031,2.74386194037836,-9.58836400776609,8.94927230121277e-22,6.35980036085686e-18
"133","ENSG00000102524","TNFSF13B","SST","MDD",33.7415731261439,7.87560049619937,1.89997518180364,4.14510703698933,3.39655014372121e-05,0.0209892031272651
"134","ENSG00000104140","RHOV","SST","MDD",23.4279350930766,-14.0759224808656,2.95513664470388,-4.76320528395603,1.9054182249291e-06,0.00135408546154587
"135","ENSG00000116874","WARS2","SST","MDD",48.7382866113327,-8.89356023275327,1.55242390827939,-5.72882199592656,1.01130443728164e-08,7.98537220393554e-06
"136","ENSG00000118972","FGF23","SST","MDD",25.5182907854096,-22.4717966517769,2.92114469148238,-7.69280505594305,1.43943750486163e-14,2.27319169517759e-11
"137","ENSG00000122679","RAMP3","SST","MDD",4.76625933072426,-24.1277042103642,4.11445005718103,-5.86413831132878,4.5147104285663e-09,3.77456348948311e-06
"138","ENSG00000126010","GRPR","SST","MDD",23.0589187215808,-26.3851393116895,2.98054697445043,-8.85244874107533,8.56196602133506e-19,2.02818705102059e-15
"139","ENSG00000126259","KIRREL2","SST","MDD",16.9960789455777,22.5342641829203,2.86183735259072,7.87405481395397,3.43328407112861e-15,6.09965831286887e-12
"140","ENSG00000132854","KANK4","SST","MDD",20.3339484448801,22.8660336702788,2.40827132353737,9.49479132471344,2.2065287519104e-21,1.04537977169675e-17
"141","ENSG00000134443","GRP","SST","MDD",2.63740542796148,16.4642870421572,4.15049963708719,3.96682049916086,7.28378070437738e-05,0.0414097500605263
"142","ENSG00000137252","HCRTR2","SST","MDD",7.85228086018981,-24.3945666263601,3.50714111862066,-6.95568435978826,3.5085461992795e-12,4.15558059419663e-09
"143","ENSG00000143228","NUF2","SST","MDD",17.9607932776719,26.3144703197586,2.55943480647417,10.2813598741392,8.55124412464617e-25,1.21538832743596e-20
"144","ENSG00000143816","WNT9A","SST","MDD",11.2746686556837,-17.8193233270417,3.16739967993657,-5.62585247448107,1.84594059000212e-08,1.38086071608948e-05
"145","ENSG00000145888","GLRA1","SST","MDD",25.3377937673318,21.9032266045839,2.4038121035181,9.11187133658551,8.09730408142492e-20,2.30173965818585e-16
"146","ENSG00000148488","ST8SIA6","SST","MDD",39.3574123359377,-8.01996526086345,1.98149572376074,-4.04743001193164,5.17830581951422e-05,0.0306663585886482
"147","ENSG00000163286","ALPG","SST","MDD",7.77697181322659,25.4309932791312,4.14468662554766,6.13580605162662,8.47284764055765e-10,7.52653646970287e-07
"148","ENSG00000169271","HSPB3","SST","MDD",13.967098480884,-30,4.14088305080638,-7.2448315086218,4.32977126984308e-13,5.59445809620725e-10
"149","ENSG00000172380","GNG12","SST","MDD",29.8137602146228,-7.70502497768277,1.82403302663593,-4.22416966423748,2.39823333060239e-05,0.0154936774217508
"150","ENSG00000174740","PABPC5","SST","MDD",15.6388459527915,-23.8070290098305,2.55900329053988,-9.30324282811216,1.36226135836379e-20,4.84045517160613e-17
"151","ENSG00000175485","OR52W1","SST","MDD",3.89457176726711,-25.7011828826851,4.13626127153512,-6.2136265568027,5.17754949959802e-10,4.90590073585245e-07
"152","ENSG00000180878","C11orf42","SST","MDD",21.09400886183,-9.07832492774016,2.31415175965878,-3.92296006078649,8.74676554925153e-05,0.0478145302890431
"153","ENSG00000203859","HSD3B2","SST","MDD",13.1628267413052,-22.5721046540229,2.94875100466738,-7.65480185281668,1.93610534042352e-14,2.75178652034395e-11
"154","ENSG00000241489","","SST","MDD",34.9677441989761,-8.43726610151459,1.92851400320034,-4.37500899008929,1.21427473715968e-05,0.00821832706630975
"155","ENSG00000259823","LYPD8","SST","MDD",2.7301663067385,26.387355445012,4.14155495569362,6.37136431299453,1.87354004376982e-10,1.90204461729289e-07
"156","ENSG00000284299","","SST","MDD",6.04311508794603,-21.5172581902788,3.18927784416536,-6.74674934002494,1.51194139134844e-11,1.65301715347964e-08
"157","ENSG00000075643","MOCOS","SST","BD",18.8408833199442,9.48646065655836,2.04885883418984,4.63011921478207,3.65455264436392e-06,0.00371015405245318
"158","ENSG00000076716","GPC4","SST","BD",29.2739614671417,-8.99756719302642,1.99666638889623,-4.50629471356021,6.59694467345463e-06,0.00586014841523817
"159","ENSG00000112273","HDGFL1","SST","BD",7.89736387115837,-20.2478504581106,4.13316243549591,-4.89887604808863,9.63864226157195e-07,0.00114161685386435
"160","ENSG00000114654","EFCC1","SST","BD",21.1822811695132,-23.9481269692924,2.32155512969611,-10.3155538556722,5.99347325406108e-25,4.2592617679985e-21
"161","ENSG00000118194","TNNT2","SST","BD",26.8662083998511,-8.07650589215105,1.97641671792021,-4.08643876512539,4.3804502988791e-05,0.0296473048085565
"162","ENSG00000126259","KIRREL2","SST","BD",16.9960789455777,24.4806600982349,2.84973629672927,8.59050015481506,8.65915535371872e-18,2.05120958404007e-14
"163","ENSG00000132854","KANK4","SST","BD",20.3339484448801,21.9885006624299,2.40208891363032,9.15390789144368,5.4910388615989e-20,1.95110338349763e-16
"164","ENSG00000134443","GRP","SST","BD",2.63740542796148,23.7793322876755,4.1181625513253,5.77425781311689,7.72930140392913e-09,9.98696007764043e-06
"165","ENSG00000137252","HCRTR2","SST","BD",7.85228086018981,-24.1145533820281,3.49529404462971,-6.89914870512212,5.23150868064251e-12,7.4355432877972e-09
"166","ENSG00000143228","NUF2","SST","BD",17.9607932776719,22.3663319131363,2.56223155725697,8.72923910791297,2.56391660065183e-18,7.2881893290129e-15
"167","ENSG00000143816","WNT9A","SST","BD",11.2746686556837,22.5355656902924,3.12297826148315,7.21604948975529,5.35195864599568e-13,9.50842352944207e-10
"168","ENSG00000145888","GLRA1","SST","BD",25.3377937673318,25.6342773256103,2.38664976488395,10.7406950541219,6.55490211686215e-27,9.31648237869617e-23
"169","ENSG00000163286","ALPG","SST","BD",7.77697181322659,30,4.12430849331924,7.27394666247578,3.49133885200799e-13,7.08891415765564e-10
"170","ENSG00000165553","NGB","SST","BD",12.9470546944329,-10.8497746928097,2.50119392057013,-4.33783826339087,1.43890975831658e-05,0.0113617913305298
"171","ENSG00000178342","KCNG2","SST","BD",58.0094101801248,7.58604708489638,1.80146273091113,4.21104858553446,2.54188065666368e-05,0.0180638748865804
"172","ENSG00000182177","ASB18","SST","BD",14.9726657008164,-23.1090798618677,2.49461559672651,-9.26358349245951,1.97683744187214e-20,9.36559685377624e-17
"173","ENSG00000182704","TSKU","SST","BD",38.4226761896043,8.40473585435026,1.85677986318826,4.52651174271061,5.99652687334171e-06,0.00568190909672038
"174","ENSG00000184343","SRPK3","SST","BD",71.5050788427817,9.01051946538756,2.05843201991114,4.37737043450021,1.20119723186573e-05,0.0100427154450045
"175","ENSG00000225556","C2CD4D","SST","BD",20.8255889018257,-23.3173797613275,3.36504084192782,-6.92930067023172,4.22926072892016e-12,6.67894252668248e-09
"176","ENSG00000271824","SMIM32","SST","BD",13.2888041744019,-20.1468986234981,4.12803735640798,-4.88050298096841,1.0581561439641e-06,0.0011568902518586
"177","ENSG00000277161","PIGW","SST","BD",29.162588967837,-9.55610033932049,2.24423367108292,-4.25806833862774,2.06200920035515e-05,0.0154249140866567
"178","ENSG00000075643","MOCOS","SST","SCZ",18.8408833199442,9.82216776714976,2.05623254831109,4.77677866504804,1.78125648523389e-06,0.00194746141727918
"179","ENSG00000082293","COL19A1","SST","SCZ",1257.18883450642,-0.966971606188334,0.237562156614405,-4.07039412324353,4.69336680521983e-05,0.0351088538960997
"180","ENSG00000100053","CRYBB3","SST","SCZ",9.66585352487962,-21.8207720753179,4.14056171264217,-5.27000286185654,1.36421631781862e-07,0.000176269150228692
"181","ENSG00000102524","TNFSF13B","SST","SCZ",33.7415731261439,8.76293664944829,1.90046571221917,4.61094172502371,4.00848906134478e-06,0.00379817700192622
"182","ENSG00000120708","TGFBI","SST","SCZ",46.5720381122557,8.8943768091694,1.83849900962975,4.83784694067396,1.31253150449235e-06,0.00155458418944582
"183","ENSG00000122679","RAMP3","SST","SCZ",4.76625933072426,-23.8453341480571,4.11608772722246,-5.7932035778421,6.90563153825018e-09,9.81497410531498e-06
"184","ENSG00000126259","KIRREL2","SST","SCZ",16.9960789455777,23.5221565895252,2.86134254175116,8.22067132693922,2.0236716418756e-16,7.19061126149449e-13
"185","ENSG00000132854","KANK4","SST","SCZ",20.3339484448801,24.1940156590643,2.40846934558803,10.0453907388874,9.62654023284222e-24,5.75041052585644e-20
"186","ENSG00000143228","NUF2","SST","SCZ",17.9607932776719,19.6846739524968,2.5806511712524,7.62779339252728,2.38805873059924e-14,6.78829574760141e-11
"187","ENSG00000143816","WNT9A","SST","SCZ",11.2746686556837,20.9499890514077,3.1366043354987,6.67919406164973,2.40259840029036e-11,4.87830443761813e-08
"188","ENSG00000145888","GLRA1","SST","SCZ",25.3377937673318,24.0376188978048,2.39836237904861,10.0225133231702,1.21376427056704e-23,5.75041052585644e-20
"189","ENSG00000153495","TEX29","SST","SCZ",18.0171420560708,-23.6298554688868,3.64132932935049,-6.48934862288374,8.62082751534679e-11,1.5315977684453e-07
"190","ENSG00000160446","ZDHHC12","SST","SCZ",33.6394175752168,-23.9426973273673,1.97513229606966,-12.1220727214127,8.06922208850938e-34,1.14687853543984e-29
"191","ENSG00000163286","ALPG","SST","SCZ",7.77697181322659,24.5408992414347,4.15029596619837,5.91304799496359,3.35834268013598e-09,5.30356939030808e-06
"192","ENSG00000178342","KCNG2","SST","SCZ",58.0094101801248,7.8071405221987,1.80934366360588,4.31490196099048,1.59673749649025e-05,0.0133496647280094
"193","ENSG00000179262","RAD23A","SST","SCZ",763.698074246019,-1.45550844514267,0.35949095845667,-4.04880404055589,5.14800251943638e-05,0.0365842799043747
"194","ENSG00000182704","TSKU","SST","SCZ",38.4226761896043,7.98901816696002,1.86343988826234,4.28724222191562,1.80904998363789e-05,0.0142844596763585
"195","ENSG00000184343","SRPK3","SST","SCZ",71.5050788427817,9.6605233732995,2.06689087894501,4.67393971869017,2.95476091202583e-06,0.00299971548875879
"196","ENSG00000217555","CKLF","SST","SCZ",10.7561072932356,-17.1251941266652,3.86326453385714,-4.43282979371001,9.30042858106099e-06,0.00826168696391374
"197","ENSG00000249104","USP17L17","SST","SCZ",6.60384002905007,-25.0495429868672,3.52602489093482,-7.10418779268065,1.21032191434486e-12,2.86705089476391e-09
"198","ENSG00000057593","F7","VIP","MDD",33.4579310418544,7.64708921365904,1.90275876361414,4.01894836060774,5.84584802169707e-05,0.0488747281955179
"199","ENSG00000123454","DBH","VIP","MDD",8.79710308606977,-18.6726695771989,3.22067142561443,-5.79775677478078,6.7207829576059e-09,9.55224881764527e-06
"200","ENSG00000127564","PKMYT1","VIP","MDD",33.637743583245,9.93364493262994,2.12649805303817,4.67136328596095,2.99207215552607e-06,0.00327125550357631
"201","ENSG00000137273","FOXF2","VIP","MDD",12.0843401105377,20.6677890120215,3.51124017678422,5.88617923338703,3.95225699412782e-09,6.24149207305985e-06
"202","ENSG00000138166","DUSP5","VIP","MDD",56.4703524529796,-6.67002989458392,1.63347060895801,-4.08334858185096,4.43913579392064e-05,0.0420622913593294
"203","ENSG00000143867","OSR1","VIP","MDD",20.4827478691907,-25.0920283164061,2.52308392717516,-9.94498361554664,2.65217668034996e-23,1.8847693578907e-19
"204","ENSG00000146038","DCDC2","VIP","MDD",40.4014719048489,8.44614140268555,1.47512428964216,5.72571508854648,1.02998955801465e-08,1.33084014436929e-05
"205","ENSG00000146360","GPR6","VIP","MDD",11.5326005356573,-30,4.13975674308683,-7.24680261710991,4.26725125091758e-13,8.31970692628884e-10
"206","ENSG00000163286","ALPG","VIP","MDD",12.1862131808716,22.151619691768,3.94960752184667,5.60856226074099,2.04014306314578e-08,2.41637944637425e-05
"207","ENSG00000164326","CARTPT","VIP","MDD",11.6848747456246,-26.2204381806585,3.49483114182364,-7.50263378017638,6.25481236982337e-14,1.77799296424599e-10
"208","ENSG00000167107","ACSF2","VIP","MDD",48.7739041030536,-6.09706474394775,1.51277160728806,-4.03039342791338,5.56835716327448e-05,0.0488747281955179
"209","ENSG00000170290","SLN","VIP","MDD",17.751089008944,24.063946821488,2.59314287398419,9.27983840108096,1.69735800778514e-20,8.04151645488339e-17
"210","ENSG00000171840","NINJ2","VIP","MDD",14.2458205254864,-23.2886031184079,2.63441634235403,-8.84013765933369,9.5600739031132e-19,3.3969332596237e-15
"211","ENSG00000175329","ISX","VIP","MDD",45.2487462351347,-24.4216836381798,1.74448829897482,-13.9993393206086,1.57326469016104e-44,2.23608110412589e-40
"212","ENSG00000178860","MSC","VIP","MDD",7.46874155833268,-19.5011839391363,2.69569386569422,-7.23419828464618,4.68287169565262e-13,8.31970692628884e-10
"213","ENSG00000180730","SHISA2","VIP","MDD",8.10230735692823,-20.7512843833655,2.8449163010494,-7.29416340850205,3.00520519300116e-13,7.11883023468759e-10
"214","ENSG00000203760","CENPW","VIP","MDD",22.363310287483,-10.0173976579912,2.31083539488302,-4.33496807266029,1.45781279329513e-05,0.0147999237365026
"215","ENSG00000002745","WNT16","VIP","BD",11.762087325038,-20.972455757657,3.91715580163761,-5.35400091793368,8.60304230151244e-08,0.000203791733718994
"216","ENSG00000003137","CYP26B1","VIP","BD",55.5527917062632,-7.59409878996979,1.55867224372911,-4.87215886503564,1.10385349178367e-06,0.00130742247322678
"217","ENSG00000057593","F7","VIP","BD",33.4579310418544,8.787840592535,1.89606434355943,4.63477973328576,3.57317746004171e-06,0.00362754080282663
"218","ENSG00000092758","COL9A3","VIP","BD",76.2733628057068,-7.42042893029776,1.49797056238679,-4.95365470899136,7.28324004920479e-07,0.00103777574870922
"219","ENSG00000127564","PKMYT1","VIP","BD",33.637743583245,10.5968968300133,2.11919153818449,5.00044315913588,5.71986895937268e-07,0.00101620621899455
"220","ENSG00000129235","TXNDC17","VIP","BD",48.9704995944554,7.07663878046873,1.67334915223902,4.22902702104927,2.3470415829649e-05,0.0208249645487984
"221","ENSG00000137273","FOXF2","VIP","BD",12.0843401105377,20.2966325380308,3.49933549980441,5.80013906616421,6.62599460884696e-09,1.88350522751084e-05
"222","ENSG00000146038","DCDC2","VIP","BD",40.4014719048489,7.74174660044539,1.47070492421226,5.26397000036701,1.40977463756321e-07,0.000286244670338369
"223","ENSG00000163286","ALPG","VIP","BD",12.1862131808716,30,3.92415066209855,7.64496641012163,2.08999881425484e-14,1.4852576573502e-10
"224","ENSG00000163347","CLDN1","VIP","BD",39.688503469194,9.19430598494497,1.85624862210215,4.95316515011479,7.30159536135382e-07,0.00103777574870922
"225","ENSG00000163793","DNAJC5G","VIP","BD",36.3590231376757,-8.36436899865902,1.83343722456986,-4.56212456394375,5.06385882758021e-06,0.0047981750344265
"226","ENSG00000164326","CARTPT","VIP","BD",11.6848747456246,24.1837397354039,3.46755225314143,6.97429713236321,3.07403771685447e-12,1.45637660232175e-08
"227","ENSG00000170290","SLN","VIP","BD",17.751089008944,24.0269568873461,2.58427695927827,9.29736141518528,1.43974144664413e-20,2.0463045181153e-16
"228","ENSG00000175485","OR52W1","VIP","BD",25.5002118413601,10.3562403692755,2.45663096383516,4.21562722351586,2.49084920375412e-05,0.0208249645487984
"229","ENSG00000176381","PRR18","VIP","BD",31.9733005369166,-10.8994480208315,2.22820814404913,-4.8915753449428,1.00032086426746e-06,0.00129250549489395
"230","ENSG00000203722","RAET1G","VIP","BD",43.5867716775793,8.01410344490329,1.69982874153681,4.71465345247532,2.42122475536824e-06,0.00264714364984991
"231","ENSG00000259823","LYPD8","VIP","BD",9.62013611825834,26.7291071138653,4.11730887154886,6.49188777129812,8.47673980936919e-11,3.01199757276411e-07
"232","ENSG00000056291","NPFFR2","VIP","SCZ",23.9978355108617,9.08115081180547,2.15161452618357,4.22062163147465,2.43629560941725e-05,0.0288558912472061
"233","ENSG00000104856","RELB","VIP","SCZ",25.7592958719899,-7.74559003105219,1.82312521877568,-4.24852333305649,2.15184237150598e-05,0.0278037596601949
"234","ENSG00000127564","PKMYT1","VIP","SCZ",33.637743583245,9.64804432058595,2.12739761735619,4.53513919629938,5.75655074620965e-06,0.0102272319694847
"235","ENSG00000134443","GRP","VIP","SCZ",15.2342426101936,-22.6863097737543,3.89758036393526,-5.82061372837189,5.86319311517242e-09,1.38889272909909e-05
"236","ENSG00000137273","FOXF2","VIP","SCZ",12.0843401105377,25.8463078072477,3.49791033260828,7.38907100227894,1.47858202579964e-13,1.05075431663451e-09
"237","ENSG00000142871","CCN1","VIP","SCZ",34.4064824269723,9.0793420779368,2.22194238606608,4.08621849732641,4.38460891392878e-05,0.044513176066907
"238","ENSG00000145423","SFRP2","VIP","SCZ",30.6455989268975,-8.26925237535213,2.05750857012648,-4.01906096305777,5.84305522615757e-05,0.0488513787819868
"239","ENSG00000146038","DCDC2","VIP","SCZ",40.4014719048489,8.15249968167589,1.4757812341524,5.52419253816992,3.31004324781618e-08,6.72080638303019e-05
"240","ENSG00000163286","ALPG","VIP","SCZ",12.1862131808716,25.563380112223,3.94768062830118,6.47554412810335,9.44708719870331e-11,3.35678625887925e-07
"241","ENSG00000164326","CARTPT","VIP","SCZ",11.6848747456246,23.876803103229,3.48097016075256,6.85923808610502,6.92287779077840e-12,3.27982873467778e-08
"242","ENSG00000169676","DRD5","VIP","SCZ",38.0909386824566,7.03111467549449,1.64669126684738,4.26984390884376,1.95609815682652e-05,0.0278020231029753
"243","ENSG00000170290","SLN","VIP","SCZ",17.751089008944,25.6067154888927,2.59188644759068,9.87956687404101,5.10530940187774e-23,7.25617625288883e-19
"244","ENSG00000175485","OR52W1","VIP","SCZ",25.5002118413601,9.911926834705,2.46593644242913,4.01953864834449,5.83122159432185e-05,0.0488513787819868
"245","ENSG00000180332","KCTD4","VIP","SCZ",42.9605943438969,6.08183069242486,1.4591656206899,4.16801945316484,3.072577178291e-05,0.0335927226423461
"246","ENSG00000204335","SP5","VIP","SCZ",17.5391626603806,14.3152724366826,3.56057425272473,4.02049540905596,5.80758811608939e-05,0.0488513787819868
"247","ENSG00000215343","ZNF705D","VIP","SCZ",67.7635503531248,6.40553289374455,1.46127049368391,4.38353673835979,1.16767946257843e-05,0.0184402535573636
"248","ENSG00000259823","LYPD8","VIP","SCZ",9.62013611825834,25.078481279906,4.13935164521883,6.05855298833404,1.37351503119309e-09,3.90435382766947e-06
